iter	RMSE
0	1.093071957
1	1.020466396
2	1.093683298
3	1.022883696
4	1.094196809
5	1.024888265
6	1.094683124
7	1.026634699
8	1.095035008
9	1.027956528
10	1.070939817
11	0.9912634817
12	1.07210826
13	0.9955530585
14	1.072813479
15	0.998625297
16	1.073533814
17	1.001319441
18	1.074322328
19	1.003433557
