iter	MAE
0	0.9873731986
1	0.9846700316
2	0.9820930678
3	0.9793597674
4	0.976715258
